{"cameraMode":{"drawMode":0,"name":"Shaded","section":"Shading Mode"},"sceneLighting":false,"audioPlay":false,"sceneViewState":{"showFog":true,"showMaterialUpdate":false,"showSkybox":false,"showFlares":true,"showImageEffects":true,"showParticleSystems":true},"in2DMode":false,"pivot":{"x":0.6443174481391907,"y":1.8111683130264283,"z":0.6359822750091553},"rotation":{"x":-0.1454375833272934,"y":-0.6613720059394836,"z":0.13290110230445863,"w":-0.7237355709075928},"size":8.15729808807373,"orthographic":false}