{"cameraMode":{"drawMode":0,"name":"Shaded","section":"Shading Mode"},"sceneLighting":false,"audioPlay":false,"sceneViewState":{"showFog":true,"showMaterialUpdate":false,"showSkybox":false,"showFlares":true,"showImageEffects":true,"showParticleSystems":true},"in2DMode":false,"pivot":{"x":0.33013680577278139,"y":1.0558241605758668,"z":0.10851434618234635},"rotation":{"x":0.17753063142299653,"y":-0.5557032823562622,"z":0.12269358336925507,"w":0.8029667139053345},"size":3.5054373741149904,"orthographic":false}