{"cameraMode":{"drawMode":0,"name":"Shaded","section":"Shading Mode"},"sceneLighting":false,"audioPlay":false,"sceneViewState":{"showFog":true,"showMaterialUpdate":false,"showSkybox":false,"showFlares":true,"showImageEffects":true,"showParticleSystems":true},"in2DMode":false,"pivot":{"x":2.2922379970550539,"y":1.9926340579986573,"z":0.9667564034461975},"rotation":{"x":-0.18504194915294648,"y":-0.24024048447608949,"z":0.04667949676513672,"w":-0.9518575072288513},"size":7.868954658508301,"orthographic":false}